<?xml version="1.0" encoding="UTF-8"?>
<project-private xmlns="http://www.netbeans.org/ns/project-private/1">
    <open-files xmlns="http://www.netbeans.org/ns/projectui-open-files/2">
        <group>
            <file>file:/C:/Users/Garima/Documents/NetBeansProjects/ChessGameJ/src/com/chess/engine/player/WhitePlayer.java</file>
            <file>file:/C:/Users/Garima/Documents/NetBeansProjects/ChessGameJ/src/com/chess/engine/pieces/King.java</file>
            <file>file:/C:/Users/Garima/Documents/NetBeansProjects/ChessGameJ/src/com/chess/engine/player/MoveStatus.java</file>
            <file>file:/C:/Users/Garima/Documents/NetBeansProjects/ChessGameJ/src/com/chess/engine/board/BoardUtils.java</file>
            <file>file:/C:/Users/Garima/Documents/NetBeansProjects/ChessGameJ/src/com/chess/engine/player/MoveTransition.java</file>
            <file>file:/C:/Users/Garima/Documents/NetBeansProjects/ChessGameJ/src/com/chess/engine/board/Move.java</file>
            <file>file:/C:/Users/Garima/Documents/NetBeansProjects/ChessGameJ/src/com/chess/engine/board/Board.java</file>
            <file>file:/C:/Users/Garima/Documents/NetBeansProjects/ChessGameJ/src/com/chess/engine/player/Player.java</file>
        </group>
    </open-files>
</project-private>
